{
    "per_class_metrics": {
        "plane": {
            "accuracy": 86.19999885559082,
            "precision": 70.82991003990173,
            "recall": 86.19999885559082,
            "f1_score": 77.76273488998413
        },
        "car": {
            "accuracy": 90.70000052452087,
            "precision": 82.68003463745117,
            "recall": 90.70000052452087,
            "f1_score": 86.50452494621277
        },
        "bird": {
            "accuracy": 68.90000104904175,
            "precision": 78.20658087730408,
            "recall": 68.90000104904175,
            "f1_score": 73.2589066028595
        },
        "cat": {
            "accuracy": 57.30000138282776,
            "precision": 64.89241123199463,
            "recall": 57.30000138282776,
            "f1_score": 60.86033582687378
        },
        "deer": {
            "accuracy": 82.30000138282776,
            "precision": 66.91057085990906,
            "recall": 82.30000138282776,
            "f1_score": 73.81166219711304
        },
        "dog": {
            "accuracy": 49.50000047683716,
            "precision": 85.34482717514038,
            "recall": 49.50000047683716,
            "f1_score": 62.65822649002075
        },
        "frog": {
            "accuracy": 69.40000057220459,
            "precision": 90.71895480155945,
            "recall": 69.40000057220459,
            "f1_score": 78.64022254943848
        },
        "horse": {
            "accuracy": 88.7000024318695,
            "precision": 72.17249870300293,
            "recall": 88.7000024318695,
            "f1_score": 79.58725690841675
        },
        "ship": {
            "accuracy": 77.70000100135803,
            "precision": 84.91803407669067,
            "recall": 77.70000100135803,
            "f1_score": 81.14882111549377
        },
        "truck": {
            "accuracy": 89.60000276565552,
            "precision": 74.48046803474426,
            "recall": 89.60000276565552,
            "f1_score": 81.3436210155487
        }
    },
    "average_metrics": {
        "mean": {
            "accuracy": 76.03,
            "f1_score": 75.55763125419617,
            "precision": 77.11543440818787,
            "recall": 76.03000402450562
        },
        "std": {
            "accuracy": 0.03749186545658386,
            "f1_score": 0.08205106854438782,
            "precision": 0.08629661798477173,
            "recall": 0.14356030523777008
        }
    }
}